_ALS,SortedByStudio/alsscan
hotkinkyjo,SortedByStudio/hotkinkyjo
18eighteen,SortedByStudio/18eighteen
18onlygirls,SortedByStudio/18onlygirls
18teen,SortedByStudio/18teen
18videoz,SortedByStudio/18videoz
18virginsex,SortedByStudio/18virginsex
18vr,SortedByStudio/18vr
18WheelerFilms,SortedByStudio/18WheelerFilms
18yearsold,SortedByStudio/18yearsold
1by-day,SortedByStudio/1by-day
21 Naturals,SortedByStudio/21 Naturals
21 Sextury,SortedByStudio/21 Sextury
21eroticanal,SortedByStudio/21eroticanal
21roles,SortedByStudio/21roles
21sextreme,SortedByStudio/21sextreme
21sextury Network,SortedByStudio/21sextury Network
21sextury,SortedByStudio/21sextury
2girls1camera,SortedByStudio/2girls1camera
5kporn,SortedByStudio/5kporn
abbyleebrazil,SortedByStudio/abbyleebrazil
abbywinters,SortedByStudio/abbywinters
abuseme,SortedByStudio/abuseme
afterschooljp,SortedByStudio/afterschooljp
agirlknows,SortedByStudio/agirlknows
alettaoceanempire,SortedByStudio/alettaoceanempire
alettaoceanlive,SortedByStudio/alettaoceanlive
alexlegend,SortedByStudio/alexlegend
allanal,SortedByStudio/allanal
allblackx,SortedByStudio/allblackx
alldigitaladult,SortedByStudio/alldigitaladult
allfinegirls,SortedByStudio/allfinegirls
allgirlmassage,SortedByStudio/allgirlmassage
allinternal,SortedByStudio/allinternal
allisonmoorexxx,SortedByStudio/allisonmoorexxx
allover30,SortedByStudio/allover30
allrealitypass,SortedByStudio/allrealitypass
alsangels,SortedByStudio/alsangels
alsscan,SortedByStudio/alsscan
amateripremium,SortedByStudio/amateripremium
amateurallure,SortedByStudio/amateurallure
amateurcfnm,SortedByStudio/amateurcfnm
amateurcouples,SortedByStudio/amateurcouples
amateurcreampies,SortedByStudio/amateurcreampies
amateurlisa,SortedByStudio/amateurlisa
amateurnewgirls,SortedByStudio/amateurnewgirls
amateurporn,SortedByStudio/amateurporn
amkingdom,SortedByStudio/amkingdom
amourangels,SortedByStudio/amourangels
analacrobats,SortedByStudio/analacrobats
anal-angels,SortedByStudio/anal-angels
analbeauty,SortedByStudio/analbeauty
anal-beauty,SortedByStudio/anal-beauty
analcheckup,SortedByStudio/analcheckup
analcollege,SortedByStudio/analcollege
analized,SortedByStudio/analized
anallickfest,SortedByStudio/anallickfest
analoverdose,SortedByStudio/analoverdose
analqueenalysa,SortedByStudio/analqueenalysa
analrehab,SortedByStudio/analrehab
analteenangels,SortedByStudio/analteenangels
angelawhite,SortedByStudio/angelawhite
angeldelucaxxx,SortedByStudio/angeldelucaxxx
arabsexposed,SortedByStudio/arabsexposed
ariellaferrera,SortedByStudio/ariellaferrera
ariettaadamsxxx,SortedByStudio/ariettaadamsxxx
armpitgirls,SortedByStudio/armpitgirls
assesinpublic,SortedByStudio/assesinpublic
assholefever,SortedByStudio/assholefever
asslickinginbrazil,SortedByStudio/asslickinginbrazil
assteenmouth,SortedByStudio/assteenmouth
asstraffic,SortedByStudio/asstraffic
assumetheposition,SortedByStudio/assumetheposition
atkexotics,SortedByStudio/atkexotics
atkgirlfriends,SortedByStudio/atkgirlfriends
atkhairy,SortedByStudio/atkhairy
atkpetites,SortedByStudio/atkpetites
atkpremium,SortedByStudio/atkpremium
aussieass,SortedByStudio/aussieass
Abby Winters,SortedByStudio/Abby Winters
Abused,SortedByStudio/Abused
Adult Empire Films,SortedByStudio/Adult Empire Films
AdultTime,SortedByStudio/AdultTime
AfterShock,SortedByStudio/AfterShock
Afton Nills Pictures,SortedByStudio/Afton Nills Pictures
AFV,SortedByStudio/AFV
AFVC,SortedByStudio/AFVC
AFW,SortedByStudio/AFW
AliceX,SortedByStudio/AliceX
All Girl Cam House,SortedByStudio/All Girl Cam House
All Girl Massage,SortedByStudio/All Girl Massage
All Good Video,SortedByStudio/All Good Video
All Natural Video,SortedByStudio/All Natural Video
All Net Video,SortedByStudio/All Net Video
ALS Scan,SortedByStudio/ALS Scan
Amateur Adventures,SortedByStudio/Amateur Adventures
Amateur Alliance,SortedByStudio/Amateur Alliance
Amateur Allure,SortedByStudio/Amateur Allure
Amateur Associates,SortedByStudio/Amateur Associates
Amateur Bound,SortedByStudio/Amateur Bound
Amateur Boxxx,SortedByStudio/Amateur Boxxx
Amateur Videoz,SortedByStudio/Amateur Videoz
Analcolic,SortedByStudio/Analcolic
Analextasex,SortedByStudio/Analextasex
Analized,SortedByStudio/Analized
AnalMom,SortedByStudio/AnalMom
Anatomik Media,SortedByStudio/Anatomik Media
Assylum,SortedByStudio/Assylum
ATKingdom,SortedByStudio/ATKingdom
Aunt Judys,SortedByStudio/Aunt Judys
babesnetwork,SortedByStudio/babesnetwork
babesunleashed,SortedByStudio/babesunleashed
babygotboobs,SortedByStudio/babygotboobs
backroomcastingcouch,SortedByStudio/backroomcastingcouch
backroomfacials,SortedByStudio/backroomfacials
backroommilf,SortedByStudio/backroommilf
backseatbangers,SortedByStudio/backseatbangers
badmilfs,SortedByStudio/badmilfs
badoink,SortedByStudio/badoink
badteenspunished,SortedByStudio/badteenspunished
bangbros18,SortedByStudio/bangbros18
bangbrosangels,SortedByStudio/bangbrosangels
bangbrosclips,SortedByStudio/bangbrosclips
bangbrosnetwork,SortedByStudio/bangbrosnetwork
bangbrosremastered,SortedByStudio/bangbrosremastered
bangbrosworldwide,SortedByStudio/bangbrosworldwide
bangbus,SortedByStudio/bangbus
bangcasting,SortedByStudio/bangcasting
bangconfessions,SortedByStudio/bangconfessions
bangingbeauties,SortedByStudio/bangingbeauties
bangmesugardaddy,SortedByStudio/bangmesugardaddy
bangmystepmom,SortedByStudio/bangmystepmom
bangpov,SortedByStudio/bangpov
bareadventures,SortedByStudio/bareadventures
baremaidens,SortedByStudio/baremaidens
bbcpie,SortedByStudio/bbcpie
bbwfacesitting,SortedByStudio/bbwfacesitting
bcm,SortedByStudio/bcm
bcmxxx,SortedByStudio/bcmxxx
bdsmxxx,SortedByStudio/bdsmxxx
beataporn,SortedByStudio/beataporn
beauty4k,SortedByStudio/beauty4k
beautyandthesenior,SortedByStudio/beautyandthesenior
beauty-angels,SortedByStudio/beauty-angels
bffs,SortedByStudio/bffs
bffvideos,SortedByStudio/bffvideos
bigbootytgirls,SortedByStudio/bigbootytgirls
bigbuttslikeitbig,SortedByStudio/bigbuttslikeitbig
biggulpgirls,SortedByStudio/biggulpgirls
bignaturals,SortedByStudio/bignaturals
bigtitbangers,SortedByStudio/bigtitbangers
bigtitcreampie,SortedByStudio/bigtitcreampie
bigtitpatrol,SortedByStudio/bigtitpatrol
bigtitsatschool,SortedByStudio/bigtitsatschool
bigtitsatwork ,SortedByStudio/bigtitsatwork 
bigtitsboss,SortedByStudio/bigtitsboss
bigtitsinsports,SortedByStudio/bigtitsinsports
bigtitsinuniform,SortedByStudio/bigtitsinuniform
bigtitsinvr,SortedByStudio/bigtitsinvr
bigtitslikebigdicks,SortedByStudio/bigtitslikebigdicks
bigtitsroundasses,SortedByStudio/bigtitsroundasses
bitchconfessions,SortedByStudio/bitchconfessions
blackambush,SortedByStudio/blackambush
blackbreeders,SortedByStudio/blackbreeders
blackcockswhitesluts,SortedByStudio/blackcockswhitesluts
blacked,SortedByStudio/blacked
blackedraw,SortedByStudio/blackedraw
blackgfs,SortedByStudio/blackgfs
blackisbetter,SortedByStudio/blackisbetter
blackmailed,SortedByStudio/blackmailed
blackmeatwhitefeet,SortedByStudio/blackmeatwhitefeet
blacksonblondes,SortedByStudio/blacksonblondes
bondagecast,SortedByStudio/bondagecast
boundgangbangs,SortedByStudio/boundgangbangs
brattysis,SortedByStudio/brattysis
brokemodel,SortedByStudio/brokemodel
brothalovers,SortedByStudio/brothalovers
brothasfuckteens,SortedByStudio/brothasfuckteens
brothercrush,SortedByStudio/brothercrush
brotherundercover,SortedByStudio/brotherundercover
brownbunnies,SortedByStudio/brownbunnies
brownsugar,SortedByStudio/brownsugar
brownsugarrush,SortedByStudio/brownsugarrush
brutalcastings,SortedByStudio/brutalcastings
brutalinvasion,SortedByStudio/brutalinvasion
brutalpickups,SortedByStudio/brutalpickups
brutalsessions,SortedByStudio/brutalsessions
brutalx,SortedByStudio/brutalx
burningangel,SortedByStudio/burningangel
buttplays,SortedByStudio/buttplays
BabeVR,SortedByStudio/BabeVR
BadDaddyPOV,SortedByStudio/BadDaddyPOV
BadDaddyPOV,SortedByStudio/BadDaddyPOV
BaDoink,SortedByStudio/BaDoink
BaDoinkVR,SortedByStudio/BaDoinkVR
Baeb,SortedByStudio/Baeb
BAM Visions,SortedByStudio/BAM Visions
Bang Bros,SortedByStudio/Bang Bros
Banging Beauties,SortedByStudio/Banging Beauties
Bango Films,SortedByStudio/Bango Films
Bare Maidens,SortedByStudio/Bare Maidens
Bare Naked Males,SortedByStudio/Bare Naked Males
BCMXXX,SortedByStudio/BCMXXX
BCXXX,SortedByStudio/BCXXX
Beautiful Models,SortedByStudio/Beautiful Models
Bella Video,SortedByStudio/Bella Video
Belladonna Entertainment,SortedByStudio/Belladonna Entertainment
Bitches Abroad,SortedByStudio/Bitches Abroad
Black X,SortedByStudio/Black X
Blacked,SortedByStudio/Blacked
Blackmailed,SortedByStudio/Blackmailed
BondageDesigns,SortedByStudio/BondageDesigns
BondageOrgasms,SortedByStudio/BondageOrgasms
Bondagezine,SortedByStudio/Bondagezine
Brasil Erotic Video,SortedByStudio/Brasil Erotic Video
Brazil Lesbian Fetish,SortedByStudio/Brazil Lesbian Fetish
Brazzers,SortedByStudio/Brazzers
BrutalPOV,SortedByStudio/BrutalPOV
Brute Films,SortedByStudio/Brute Films
Burning Angel,SortedByStudio/Burning Angel
cameltoehos,SortedByStudio/cameltoehos
castbondage,SortedByStudio/castbondage
castingcouch-hd,SortedByStudio/castingcouch-hd
castingcouchteens,SortedByStudio/castingcouchteens
castingcouch-x,SortedByStudio/castingcouch-x
casualteensex,SortedByStudio/casualteensex
cathyscraving,SortedByStudio/cathyscraving
cfnm,SortedByStudio/cfnm
cfnmshow,SortedByStudio/cfnmshow
cfnmteens,SortedByStudio/cfnmteens
chaturbate,SortedByStudio/chaturbate
cherrypimps,SortedByStudio/cherrypimps
chicasloca,SortedByStudio/chicasloca
clips4sale,SortedByStudio/clips4sale
clubdom,SortedByStudio/clubdom
clubseventeen,SortedByStudio/clubseventeen
colette,SortedByStudio/colette
cospimps,SortedByStudio/cospimps
cosplaybabesxxx,SortedByStudio/cosplaybabesxxx
cosmid,SortedByStudio/cosmid
creampie-angels,SortedByStudio/creampie-angels
creampiecuties,SortedByStudio/creampiecuties
cum4k,SortedByStudio/cum4k
cumdisgrace,SortedByStudio/cumdisgrace
cumeatingcuckolds,SortedByStudio/cumeatingcuckolds
cumfiesta,SortedByStudio/cumfiesta
cumfilledtrannys,SortedByStudio/cumfilledtrannys
cumforchloe,SortedByStudio/cumforchloe
cumforcover,SortedByStudio/cumforcover
cumfortune,SortedByStudio/cumfortune
cumlouder,SortedByStudio/cumlouder
czechbitch,SortedByStudio/czechbitch
czechcouples,SortedByStudio/czechcouples
czechescortgirls,SortedByStudio/czechescortgirls
czechsexcasting,SortedByStudio/czechsexcasting
czechsexparty,SortedByStudio/czechsexparty
czechvr,SortedByStudio/czechvr
czechvrcasting,SortedByStudio/czechvrcasting
czechvrfetish,SortedByStudio/czechvrfetish
CD Film,SortedByStudio/CD Film
CD Girls,SortedByStudio/CD Girls
Cosmos,SortedByStudio/Cosmos
CosPimps,SortedByStudio/CosPimps
Creampie GangBang,SortedByStudio/Creampie GangBang
CzechAV,SortedByStudio/CzechAV
CzechCasting,SortedByStudio/CzechCasting
dancingbear,SortedByStudio/dancingbear
danejones,SortedByStudio/danejones
danni,SortedByStudio/danni
daredorm,SortedByStudio/daredorm
darkx,SortedByStudio/darkx
daughterswap,SortedByStudio/daughterswap
ddfbusty,SortedByStudio/ddfbusty
ddfhardcore,SortedByStudio/ddfhardcore
ddfnetwork,SortedByStudio/ddfnetwork
ddfnetworkvr,SortedByStudio/ddfnetworkvr
deeper,SortedByStudio/deeper
deeplush,SortedByStudio/deeplush
defiled18,SortedByStudio/defiled18
defloration,SortedByStudio/defloration
deviantass,SortedByStudio/deviantass
devianthardcore,SortedByStudio/devianthardcore
devicebondage,SortedByStudio/devicebondage
digitaldesire,SortedByStudio/digitaldesire
digitalplayground,SortedByStudio/digitalplayground
dirtydicksuckers,SortedByStudio/dirtydicksuckers
dirtyflix,SortedByStudio/dirtyflix
disgraced18,SortedByStudio/disgraced18
divinebitches,SortedByStudio/divinebitches
doeprojects,SortedByStudio/doeprojects
dominatedgirls,SortedByStudio/dominatedgirls
dontbreakme,SortedByStudio/dontbreakme
dontfuckmydaughter,SortedByStudio/dontfuckmydaughter
dorcelclub,SortedByStudio/dorcelclub
dorcelvision,SortedByStudio/dorcelvision
dpfanatics,SortedByStudio/dpfanatics
dungeonsex,SortedByStudio/dungeonsex
dyked,SortedByStudio/dyked
Dark X,SortedByStudio/Dark X
DDF Network Erotica,SortedByStudio/DDF Network Erotica
DDF,SortedByStudio/DDF
DDT,SortedByStudio/DDT
Deeper,SortedByStudio/Deeper
Desire Films,SortedByStudio/Desire Films
Devils Film,SortedByStudio/Devils Film
DickDrainers,SortedByStudio/DickDrainers
Digital Desire,SortedByStudio/Digital Desire
Digital Desires,SortedByStudio/Digital Desires
Digital Playground,SortedByStudio/Digital Playground
Dirtygardengirls,SortedByStudio/Dirtygardengirls
Dogfart Network,SortedByStudio/Dogfart Network
Dogfart,SortedByStudio/Dogfart
Dogma JAV,SortedByStudio/Dogma JAV
Dogma,SortedByStudio/Dogma
DollyLittleXXX,SortedByStudio/DollyLittleXXX
DTFsluts,SortedByStudio/DTFsluts
Dungeon Corp,SortedByStudio/Dungeon Corp
DVDErotik,SortedByStudio/DVDErotik
ebonysextapes,SortedByStudio/ebonysextapes
electrosluts,SortedByStudio/electrosluts
elegantanal,SortedByStudio/elegantanal
elitepain,SortedByStudio/elitepain
elizaallure,SortedByStudio/elizaallure
enslavedgals,SortedByStudio/enslavedgals
eroticax,SortedByStudio/eroticax
ersties,SortedByStudio/ersties
eternaldesire,SortedByStudio/eternaldesire
eurobabefacials,SortedByStudio/eurobabefacials
eurogirlsongirls,SortedByStudio/eurogirlsongirls
euroteenerotica,SortedByStudio/euroteenerotica
everythingbutt,SortedByStudio/everythingbutt
evilangel,SortedByStudio/evilangel
evolvedfights,SortedByStudio/evolvedfights
exbf,SortedByStudio/exbf
exclusiveteenporn,SortedByStudio/exclusiveteenporn
excogi,SortedByStudio/excogi
exotic4k,SortedByStudio/exotic4k
explicite-art,SortedByStudio/explicite-art
exploited18,SortedByStudio/exploited18
exploitedblackteens,SortedByStudio/exploitedblackteens
exploitedcollegegirls,SortedByStudio/exploitedcollegegirls
exploitedteens,SortedByStudio/exploitedteens
exposedcasting,SortedByStudio/exposedcasting
exposedlatinas,SortedByStudio/exposedlatinas
exposednurses,SortedByStudio/exposednurses
exposedwhores,SortedByStudio/exposedwhores
extremenaturals,SortedByStudio/extremenaturals
exxxtrasmall,SortedByStudio/exxxtrasmall
Elegant Angel,SortedByStudio/Elegant Angel
Elite Film,SortedByStudio/Elite Film
Elite Pain,SortedByStudio/Elite Pain
Elite Pictures,SortedByStudio/Elite Pictures
Elite Visuals,SortedByStudio/Elite Visuals
EliteXFilms,SortedByStudio/EliteXFilms
EM Productions,SortedByStudio/EM Productions
Empire Video,SortedByStudio/Empire Video
Eric Videos,SortedByStudio/Eric Videos
Eronite,SortedByStudio/Eronite
Erotica Video,SortedByStudio/Erotica Video
Erotica X,SortedByStudio/Erotica X
Erotica,SortedByStudio/Erotica
Euro-X,SortedByStudio/Euro-X
Evil Angel,SortedByStudio/Evil Angel
Explicite-Art,SortedByStudio/Explicite-Art
facialabuse,SortedByStudio/facialabuse
facialfest,SortedByStudio/facialfest
farts,SortedByStudio/FARTS
fakeagent,SortedByStudio/fakeagent
fakeagentuk,SortedByStudio/fakeagentuk
fakecop,SortedByStudio/fakecop
fakedrivingschool,SortedByStudio/fakedrivingschool
fakefemaletaxi,SortedByStudio/fakefemaletaxi
fakeflightagent,SortedByStudio/fakeflightagent
fakehandyman,SortedByStudio/fakehandyman
fakehospital,SortedByStudio/fakehospital
fakehostel,SortedByStudio/fakehostel
fakehub,SortedByStudio/fakehub
fakehuboriginals,SortedByStudio/fakehuboriginals
faketaxi,SortedByStudio/faketaxi
fallinlovia,SortedByStudio/fallinlovia
familystrokes,SortedByStudio/familystrokes
familyxxx,SortedByStudio/familyxxx
fantasyhd,SortedByStudio/fantasyhd
fantasymassage,SortedByStudio/fantasymassage
fartinginbrazil,SortedByStudio/fartinginbrazil
fellatiojapan,SortedByStudio/fellatiojapan
femaleagent,SortedByStudio/femaleagent
femalefaketaxi,SortedByStudio/femalefaketaxi
femaleworship,SortedByStudio/femaleworship
filf,SortedByStudio/filf
filthyfamily,SortedByStudio/filthyfamily
firstanalquest,SortedByStudio/firstanalquest
firstauditions,SortedByStudio/firstauditions
firstbgg,SortedByStudio/firstbgg
firsttimeauditions,SortedByStudio/firsttimeauditions
firsttimewifeswappers,SortedByStudio/firsttimewifeswappers
fistertwister,SortedByStudio/fistertwister
fistflush,SortedByStudio/fistflush
fit18,SortedByStudio/fit18
fitnessrooms,SortedByStudio/fitnessrooms
flexyteens,SortedByStudio/flexyteens
flexiblepositions,SortedByStudio/flexiblepositions
footfetish,SortedByStudio/footfetish
footfetishdaily,SortedByStudio/footfetishdaily
footfetishinbrazil,SortedByStudio/footfetishinbrazil
freakmobmedia,SortedByStudio/freakmobmedia
freaksofboobs,SortedByStudio/freaksofboobs
freaksofcock,SortedByStudio/freaksofcock
french-bukkake,SortedByStudio/french-bukkake
ftvgirls,SortedByStudio/ftvgirls
ftvmilfs,SortedByStudio/ftvmilfs
fuckedandbound,SortedByStudio/fuckedandbound
fuckedhard18,SortedByStudio/fuckedhard18
fuckedhardgfs,SortedByStudio/fuckedhardgfs
fuckedintraffic,SortedByStudio/fuckedintraffic
fuckedupfacials,SortedByStudio/fuckedupfacials
fuckeduphandjobs,SortedByStudio/fuckeduphandjobs
fuckingawesome,SortedByStudio/fuckingawesome
fuckingglasses,SortedByStudio/fuckingglasses
fuckingmachines,SortedByStudio/fuckingmachines
fuck-studies,SortedByStudio/fuck-studies
fullofjoi,SortedByStudio/fullofjoi
Fake Hospital,SortedByStudio/Fake Hospital
Fake Taxi,SortedByStudio/Fake Taxi
FAKings,SortedByStudio/FAKings
FAKingsvr,SortedByStudio/FAKingsvr
FilthyPOV,SortedByStudio/FilthyPOV
Fitness Rooms,SortedByStudio/Fitness Rooms
Flexxx Video,SortedByStudio/Flexxx Video
gangbangcreampie,SortedByStudio/gangbangcreampie
gapeland,SortedByStudio/gapeland
germangoogirls,SortedByStudio/germangoogirls
gfleaks,SortedByStudio/gfleaks
gframpage,SortedByStudio/gframpage
gfrevenge,SortedByStudio/gfrevenge
ghettogaggers,SortedByStudio/ghettogaggers
gingerpatch,SortedByStudio/gingerpatch
girlasylum,SortedByStudio/girlasylum
girlcum,SortedByStudio/girlcum
girlsgonepink,SortedByStudio/girlsgonepink
girlsgonewild,SortedByStudio/girlsgonewild
girlsgotcream,SortedByStudio/girlsgotcream
girlsoutwest,SortedByStudio/girlsoutwest
girls-out-west,SortedByStudio/girlsoutwest
girlsrimming,SortedByStudio/girlsrimming
girlstryanal,SortedByStudio/girlstryanal
girlsway,SortedByStudio/girlsway
givemepink,SortedByStudio/givemepink
gloryholegaggers,SortedByStudio/gloryholegaggers
gloryholegirls,SortedByStudio/gloryholegirls
gloryholegirlz,SortedByStudio/gloryholegirlz
gloryholeloads,SortedByStudio/gloryholeloads
gloryholesandhandjobs,SortedByStudio/gloryholesandhandjobs
gloryholesecrets,SortedByStudio/gloryholesecrets
gloryholeswallow,SortedByStudio/gloryholeswallow
gotmylf,SortedByStudio/gotmylf
graias,SortedByStudio/graias
grandpasfuckteens,SortedByStudio/grandpasfuckteens
groupsexgames,SortedByStudio/groupsexgames
gyno-x,SortedByStudio/gyno-x
Gangbang Creampie,SortedByStudio/Gangbang Creampie
GGG,SortedByStudio/GGG
Giorgio Grandi,SortedByStudio/Giorgio Grandi
Girlcore,SortedByStudio/Girlcore
Girlfriendsxxx,SortedByStudio/Girlfriendsxxx
Girls Gone Pink,SortedByStudio/Girls Gone Pink
Girls Gone Wild,SortedByStudio/Girls Gone Wild
Girls Out West,SortedByStudio/Girls Out West
Girls Rimming,SortedByStudio/Girls Rimming
GirlsDoPorn,SortedByStudio/GirlsDoPorn
GirlsDoToys,SortedByStudio/GirlsDoToys
Girlsway,SortedByStudio/Girlsway
Glory Hole Secrets,SortedByStudio/Glory Hole Secrets
hardkinks,SortedByStudio/hardkinks
hardtied,SortedByStudio/hardtied
hardx,SortedByStudio/hardx
hdlove,SortedByStudio/hdlove
hdmassageporn,SortedByStudio/hdmassageporn
heavyonhotties,SortedByStudio/heavyonhotties
hegre,SortedByStudio/hegre
helplessteens,SortedByStudio/helplessteens
herfirstanalsex,SortedByStudio/herfirstanalsex
herfirstbigcock,SortedByStudio/herfirstbigcock
herfirstblackcock,SortedByStudio/herfirstblackcock
herlimit,SortedByStudio/herlimit
heydouga,SortedByStudio/heydouga JAV
hitzefrei,SortedByStudio/hitzefrei
hobybuchanon,SortedByStudio/hobybuchanon
hoby-buchanon,SortedByStudio/hobybuchanon
hogtied,SortedByStudio/hogtied
holed,SortedByStudio/holed
hollyrandall,SortedByStudio/hollyrandall
hookuphotshot,SortedByStudio/hookuphotshot
hostelxxx,SortedByStudio/hostelxxx
hotandmean,SortedByStudio/hotandmean
hotguysfuck,SortedByStudio/hotguysfuck
houseoftaboo,SortedByStudio/houseoftaboo
houseofyre,SortedByStudio/houseofyre
hucows,SortedByStudio/hucows
hugeboobsgalore,SortedByStudio/hugeboobsgalore
hussiepass,SortedByStudio/hussiepass
hustler,SortedByStudio/hustler
Hard X,SortedByStudio/Hard X
HardGlam,SortedByStudio/HardGlam
Harmony Films,SortedByStudio/Harmony Films
Harmony Vision,SortedByStudio/Harmony Vision
Heavy on Hotties,SortedByStudio/Heavy on Hotties
ihaveawife,SortedByStudio/ihaveawife
iknowthatgirl,SortedByStudio/iknowthatgirl
immorallive,SortedByStudio/immorallive
infernalrestraints,SortedByStudio/infernalrestraints
innocenthigh,SortedByStudio/innocenthigh
interracialblowbang,SortedByStudio/interracialblowbang
interracialpass,SortedByStudio/interracialpass
interracialpickups,SortedByStudio/interracialpickups
inthecrack,SortedByStudio/inthecrack
inthevip,SortedByStudio/inthevip
Inflagranti,SortedByStudio/Inflagranti
jamesdeen,SortedByStudio/jamesdeen
jayspov,SortedByStudio/jayspov
jeshbyjesh,SortedByStudio/jeshbyjesh
jimslip,SortedByStudio/jimslip
joymii,SortedByStudio/joymii
julesjordan,SortedByStudio/julesjordan
Jerk Off Instructions,SortedByStudio/Jerk Off Instructions
JustForFans,SortedByStudio/JustForFans
karups,SortedByStudio/karups
karupsow,SortedByStudio/karupsow
karupspc,SortedByStudio/karupspc
CL-erotic,SortedByStudio/cl-erotic
Karupsha,SortedByStudio/Karupsha
Kawaii,SortedByStudio/Kawaii
Keri Berry,SortedByStudio/Keri Berry
Killergram,SortedByStudio/Killergram
lanewgirl,SortedByStudio/lanewgirl
larasplayground,SortedByStudio/larasplayground
larkinlove,SortedByStudio/larkinlove
latinaabuse,SortedByStudio/latinaabuse
latinastepmom,SortedByStudio/latinastepmom
latinathroats,SortedByStudio/latinathroats
legalporno,SortedByStudio/legalporno
lesbea,SortedByStudio/lesbea
lesbiangirlongirl,SortedByStudio/lesbiangirlongirl
lesbiangonzo,SortedByStudio/lesbiangonzo
lesbiankinkdom,SortedByStudio/lesbiankinkdom
lesbiansexbr,SortedByStudio/lesbiansexbr
lesbiansexcity,SortedByStudio/lesbiansexcity
lesbiansistas,SortedByStudio/lesbiansistas
lesbianteenhunters,SortedByStudio/lesbianteenhunters
lesbianx,SortedByStudio/lesbianx
letsdoeit,SortedByStudio/letsdoeit
lezkiss,SortedByStudio/lezkiss
letsplaylez,SortedByStudio/letsplaylez
letstryanal,SortedByStudio/letstryanal
lezboxx,SortedByStudio/lezboxx
lezcuties,SortedByStudio/lezcuties
lifeselector,SortedByStudio/lifeselector
lilcanadiangirl,SortedByStudio/lilcanadiangirl
littlecaprice-dreams,SortedByStudio/littlecaprice-dreams
littlemutt,SortedByStudio/littlemutt
lubed,SortedByStudio/lubed
lustery,SortedByStudio/lustery
Legal Pink,SortedByStudio/Legal Pink
Legal Porno,SortedByStudio/Legal Porno
Lesbea,SortedByStudio/Lesbea
Lesbian X,SortedByStudio/Lesbian X
Lesbicos,SortedByStudio/Lesbicos
Lespov,SortedByStudio/Lespov
Lethal Hardcore,SortedByStudio/Lethal Hardcore
LethalHardcoreVR,SortedByStudio/LethalHardcoreVR
LetsDoeIt,SortedByStudio/LetsDoeIt
LezLove,SortedByStudio/LezLove
Life Selector,SortedByStudio/Life Selector
LittleMissElle,SortedByStudio/LittleMissElle
manhandled,SortedByStudio/manhandled
manojob,SortedByStudio/manojob
manyvids,SortedByStudio/manyvids
massagecreep,SortedByStudio/massagecreep
massagegirls18,SortedByStudio/massagegirls18
massageparlor,SortedByStudio/massageparlor
massagerooms,SortedByStudio/massagerooms
massage-therapy,SortedByStudio/massagetherapy
meetsuckandfuck,SortedByStudio/meetsuckandfuck
met-art,SortedByStudio/met-art
metart-x,SortedByStudio/metartx
mfvideobrazil,SortedByStudio/mfvideobrazil
mfvideofetish,SortedByStudio/mfvideofetish
mikesapartment,SortedByStudio/mikesapartment
milfhumiliation,SortedByStudio/milfhumiliation
milfhunter,SortedByStudio/milfhunter
milfinternal,SortedByStudio/milfinternal
milflessons,SortedByStudio/milflessons
milfnextdoor,SortedByStudio/milfnextdoor
milfsearch,SortedByStudio/milfsearch
milfseeker,SortedByStudio/milfseeker
milfsexposed,SortedByStudio/milfsexposed
milfsinheat,SortedByStudio/milfsinheat
milfslikeitbig,SortedByStudio/milfslikeitbig
milfslikeitblack,SortedByStudio/milfslikeitblack
milkingtable,SortedByStudio/milkingtable
milky-cat,SortedByStudio/milky-cat
mindundermaster,SortedByStudio/mindundermaster
mofos,SortedByStudio/mofos
momknowsbest,SortedByStudio/momknowsbest
mommyblowsbest,SortedByStudio/mommyblowsbest
mommygotboobs,SortedByStudio/mommygotboobs
mommysgirl,SortedByStudio/mommysgirl
mompov,SortedByStudio/mompov
monstersofcock,SortedByStudio/monstersofcock
mormongirlz,SortedByStudio/mormongirlz
mrpov,SortedByStudio/mrpov
mydirtyhobby,SortedByStudio/mydirtyhobby
myfamilypies,SortedByStudio/myfamilypies
mylf,SortedByStudio/mylf
mylfed,SortedByStudio/mylfed
mylked,SortedByStudio/mylked
mypervyfamily,SortedByStudio/mypervyfamily
mysistershotfriend,SortedByStudio/mysistershotfriend
myveryfirsttime,SortedByStudio/myveryfirsttime
Manhandled,SortedByStudio/Manhandled
Massagerooms,SortedByStudio/Massagerooms
mature-nl,SortedByStudio/Mature NL
Mature NL,SortedByStudio/Mature NL
Mature-Erotic,SortedByStudio/Mature-Erotic
Maturenl,SortedByStudio/Maturenl
MeanMassage,SortedByStudio/MeanMassage
Metart,SortedByStudio/Metart
MF Productions,SortedByStudio/MF Productions
MFX Media,SortedByStudio/MFX Media
MFX Video,SortedByStudio/MFX Video
MiaRand,SortedByStudio/MiaRand
Mind Under Master,SortedByStudio/Mind Under Master
MissaX,SortedByStudio/MissaX
Mofos,SortedByStudio/Mofos
Mood Pictures,SortedByStudio/Mood Pictures
Moodyz,SortedByStudio/Moodyz
Mormon Girlz,SortedByStudio/Mormon Girlz
MVSD,SortedByStudio/MVSD
My Cherry Crush,SortedByStudio/My Cherry Crush
MYLF,SortedByStudio/MYLF
narcosx,SortedByStudio/narcosx
naughtyamerica,SortedByStudio/naughtyamerica
naughtyamericavr,SortedByStudio/naughtyamericavr
naughtyathletics,SortedByStudio/naughtyathletics
naughtybookworms,SortedByStudio/naughtybookworms
naughtytugs,SortedByStudio/naughtytugs
netgirl,SortedByStudio/netgirl
netvideogirls,SortedByStudio/netvideogirls
newbieblack,SortedByStudio/newbieblack
newgirlpov,SortedByStudio/newgirlpov
newmfx,SortedByStudio/newmfx
newsensations,SortedByStudio/newsensations
newvomitinbrazil,SortedByStudio/newvomitinbrazil
nextdoorcasting,SortedByStudio/nextdoorcasting
nextdoorhookups,SortedByStudio/nextdoorhookups
nfbusty,SortedByStudio/nfbusty
nhlpcentral,SortedByStudio/nhlpcentral
nickyferrari,SortedByStudio/nickyferrari
nubilefilms,SortedByStudio/nubilefilms
nubilefilmstv,SortedByStudio/nubilefilmstv
nubiles-porn,SortedByStudio/nubiles
nubiles-casting,SortedByStudio/nubiles-casting
nubiles,SortedByStudio/nubiles
nubilesunscripted,SortedByStudio/nubilesunscripted
nurumassage,SortedByStudio/nurumassage
nyloncumsluts,SortedByStudio/nyloncumsluts
nympho-,SortedByStudio/nympho
Naughty America,SortedByStudio/Naughty America
Net Video Girls,SortedByStudio/Net Video Girls
New Sensations,SortedByStudio/New Sensations
Nubile Films,SortedByStudio/Nubile Films
Nubiles,SortedByStudio/Nubiles
NubilesET,SortedByStudio/NubilesET
Nude In France,SortedByStudio/Nude In France
Nuru Massage,SortedByStudio/Nuru Massage
oldgoesyoung,SortedByStudio/oldgoesyoung
oldje,SortedByStudio/oldje
oldje-3some,SortedByStudio/oldje-3some
old-n-young,SortedByStudio/old-n-young
oldyounglesbianlove,SortedByStudio/oldyounglesbianlove
onlyblowjob,SortedByStudio/onlyblowjob
onlyswallows,SortedByStudio/onlyswallows
onlyteenblowjobs,SortedByStudio/onlyteenblowjobs
oraloverdose,SortedByStudio/oraloverdose
oralquickies,SortedByStudio/oralquickies
oyeloca,SortedByStudio/oyeloca
Only Teen Blowjobs,SortedByStudio/Only Teen Blowjobs
OnlyFans,SortedByStudio/OnlyFans
pandafuck,SortedByStudio/pandafuck
pascalssubsluts,SortedByStudio/pascalssubsluts
passion-hd,SortedByStudio/passion-hd
pawg,SortedByStudio/pawg
peeandblow,SortedByStudio/peeandblow
penthouse,SortedByStudio/penthouse
perfectgonzo,SortedByStudio/perfectgonzo
pervcity,SortedByStudio/pervcity
pervmom,SortedByStudio/pervmom
petiteballerinasfucked,SortedByStudio/petiteballerinasfucked
petitehdporn,SortedByStudio/petitehdporn
petitexxx,SortedByStudio/petitexxx
pickupfuck,SortedByStudio/pickupfuck
pimpxxx,SortedByStudio/pimpxxx
pinkoclub,SortedByStudio/pinkoclub
pinkvisual,SortedByStudio/pinkvisual
pinkyxxx,SortedByStudio/pinkyxxx
pinupsex,SortedByStudio/pinupsex
pissinbrazil,SortedByStudio/pissinbrazil
pjgirls,SortedByStudio/pjgirls
playboyplus,SortedByStudio/playboyplus
plumperpass,SortedByStudio/plumperpass
porndoepedia,SortedByStudio/porndoepedia
porndoepremium,SortedByStudio/porndoepremium
pornfidelity,SortedByStudio/pornfidelity
pornhub,SortedByStudio/pornhub
pornmastermind,SortedByStudio/pornmastermind
pornmegaload,SortedByStudio/pornmegaload
pornpros,SortedByStudio/pornpros
pornprosnetwork,SortedByStudio/pornprosnetwork
pornstarnetwork,SortedByStudio/pornstarnetwork
pornstarplatinum,SortedByStudio/pornstarplatinum
pornxn,SortedByStudio/pornxn
povangels,SortedByStudio/povangels
povbitch,SortedByStudio/povbitch
povd,SortedByStudio/povd
povlife,SortedByStudio/povlife
PB_,SortedByStudio/premiumbukkake
premiumbukkake,SortedByStudio/premiumbukkake
prettydirty,SortedByStudio/prettydirty
primalfetish,SortedByStudio/primalfetish
primecups,SortedByStudio/primecups
princesscum,SortedByStudio/princesscum
privatecasting-x,SortedByStudio/privatecasting-x
privatesociety,SortedByStudio/privatesociety
private,SortedByStudio/private
propertysex,SortedByStudio/propertysex
psychohenessy,SortedByStudio/psychohenessy
publicagent,SortedByStudio/publicagent
publicbang,SortedByStudio/publicbang
publicdisgrace,SortedByStudio/publicdisgrace
publicinvasion,SortedByStudio/publicinvasion
publicpickups,SortedByStudio/publicpickups
publicsexadventures,SortedByStudio/publicsexadventures
publicviolations,SortedByStudio/publicviolations
punishteens,SortedByStudio/punishteens
pure18,SortedByStudio/pure18
pure-bbw,SortedByStudio/pure-bbw
puremature,SortedByStudio/puremature
purepov,SortedByStudio/purepov
puretaboo,SortedByStudio/puretaboo
purple_bitch,SortedByStudio/purple_bitch
BUK_,SortedByStudio/putalocura
putalocura,SortedByStudio/putalocura
Paintoy,SortedByStudio/Paintoy
Pantyhosed4U,SortedByStudio/Pantyhosed4U
Pascals Sub Sluts,SortedByStudio/Pascals Sub Sluts
Pascals Subsluts,SortedByStudio/Pascals Subsluts
Penthouse,SortedByStudio/Penthouse
Petite18,SortedByStudio/Petite18
Playboy,SortedByStudio/Playboy
Pornhub Premium,SortedByStudio/Pornhub Premium
PornPros,SortedByStudio/PornPros
PornXN,SortedByStudio/PornXN
pregnantusa,SortedByStudio/PregnantUSA
PrincessBambie,SortedByStudio/PrincessBambie
PrincessBerpl,SortedByStudio/PrincessBerpl
Property Sex,SortedByStudio/Property Sex
PropertyPOV,SortedByStudio/PropertyPOV
Puba,SortedByStudio/Puba
Pure Taboo,SortedByStudio/Pure Taboo
Pure X,SortedByStudio/Pure X
Purgatory X,SortedByStudio/Purgatory X
PurgatoryX,SortedByStudio/PurgatoryX
queensnake,SortedByStudio/queensnake
QuebecProductions,SortedByStudio/QuebecProductions
rawandrough,SortedByStudio/rawandrough
rawattack,SortedByStudio/rawattack
realagentxxx,SortedByStudio/realagentxxx
realblowjobauditions,SortedByStudio/realblowjobauditions
realcouples,SortedByStudio/realcouples
realexgirlfriends,SortedByStudio/realexgirlfriends
realfuckingcouples,SortedByStudio/realfuckingcouples
realitydudes,SortedByStudio/realitydudes
realitygang,SortedByStudio/realitygang
realitykings,SortedByStudio/realitykings
realitylovers,SortedByStudio/realitylovers
realitythugs,SortedByStudio/realitythugs
reallatinasexposed,SortedByStudio/reallatinasexposed
realspanking,SortedByStudio/realspankings
realtimebondage,SortedByStudio/realtimebondage
reidmylips,SortedByStudio/reidmylips
relaxxxed,SortedByStudio/relaxxxed
rkprime,SortedByStudio/rkprime
roccosiffredi,SortedByStudio/roccosiffredi
roundandbrown,SortedByStudio/roundandbrown
roundjuicybutts,SortedByStudio/roundjuicybutts
rubateen,SortedByStudio/rubateen
rubber-passion,SortedByStudio/rubber-passion
ruby_vulpix,SortedByStudio/ruby_vulpix
Reality Gang,SortedByStudio/Reality Gang
Reality Junkies,SortedByStudio/Reality Junkies
Reality Kings,SortedByStudio/Reality Kings
Reality Lovers,SortedByStudio/Reality Lovers
Reality Pass Plus,SortedByStudio/Reality Pass Plus
Reality Porn XXX ,SortedByStudio/Reality Porn XXX 
Reality Studio Network,SortedByStudio/Reality Studio Network
Reality Studio,SortedByStudio/Reality Studio
RealityLovers,SortedByStudio/RealityLovers
RealSpankingsFilms,SortedByStudio/RealSpankingsFilms
Rocco Siffredi Produzione,SortedByStudio/roccosiffredi
Rubber Dynasty,SortedByStudio/Rubber Dynasty
RubberDoll,SortedByStudio/RubberDoll
RubberZone,SortedByStudio/RubberZone
sadisticrope,SortedByStudio/sadisticrope
sapphicerotica,SortedByStudio/sapphicerotica
sashastrokesxxx,SortedByStudio/sashastrokesxxx
scoreland,SortedByStudio/scoreland
screwbox,SortedByStudio/screwbox
seducedbyacougar,SortedByStudio/seducedbyacougar
seemywife,SortedByStudio/seemywife
sellyourgf,SortedByStudio/sellyourgf
seventeenvideo,SortedByStudio/seventeenvideo
sexandsubmission,SortedByStudio/sexandsubmission
sexart,SortedByStudio/sexart
sexuallybroken,SortedByStudio/sexuallybroken
sexunderwater,SortedByStudio/sexunderwater
sexvideocasting,SortedByStudio/sexvideocasting
sexwithmuslims,SortedByStudio/sexwithmuslims
sexyhotbr,SortedByStudio/sexyhotbr
sexyhub,SortedByStudio/sexyhub
sg-video,SortedByStudio/sg-video
shamedsluts,SortedByStudio/shamedsluts
sharemybf,SortedByStudio/sharemybf
shefuckedher,SortedByStudio/shefuckedher
shesafreak,SortedByStudio/shesafreak
shesbrandnew,SortedByStudio/shesbrandnew
shesgonnasquirt,SortedByStudio/shesgonnasquirt
shesnew,SortedByStudio/shesnew
shewillcheat,SortedByStudio/shewillcheat
shinysluts,SortedByStudio/shinysluts
shockchallenge,SortedByStudio/shockchallenge
shoplyfter,SortedByStudio/shoplyfter
shotherfirst,SortedByStudio/shotherfirst
showmybf,SortedByStudio/showmybf
simplyanal,SortedByStudio/simplyanal
sindrive,SortedByStudio/sindrive
sinfulspanking,SortedByStudio/sinfulspanking
sinfulxxx,SortedByStudio/sinfulxxx
sinslife,SortedByStudio/sinslife
sislovesme,SortedByStudio/sislovesme
slavemouth,SortedByStudio/slavemouth
slobjobz,SortedByStudio/slobjobz
sloppygirl,SortedByStudio/sloppygirl
slutstepmom,SortedByStudio/slutstepmom
slutstepsister,SortedByStudio/slutstepsister
sneakysex,SortedByStudio/sneakysex
soapymassage,SortedByStudio/soapymassage
societysm,SortedByStudio/societysm
southernbukkake,SortedByStudio/southernbukkake
southernstrokes,SortedByStudio/southernstrokes
spanked-in-uniform,SortedByStudio/spanked-in-uniform
spankthis,SortedByStudio/spankthis
speculumplays,SortedByStudio/speculumplays
spermcocktail,SortedByStudio/spermcocktail
spermmania,SortedByStudio/spermmania
spermsuckers,SortedByStudio/spermsuckers
spermswap,SortedByStudio/spermswap
spitinbrazil,SortedByStudio/spitinbrazil
spitswappers,SortedByStudio/spitswappers
spizoo,SortedByStudio/spizoo
spoofporn,SortedByStudio/spoofporn
spyfam,SortedByStudio/spyfam
staxus,SortedByStudio/staxus
stepmomlessons,SortedByStudio/stepmomlessons
stepmomvideos,SortedByStudio/stepmomvideos
stepsiblings,SortedByStudio/stepsiblings
stepsiblingscaught,SortedByStudio/stepsiblingscaught
strandedteens,SortedByStudio/strandedteens
straplessdildo,SortedByStudio/straplessdildo
straponcum,SortedByStudio/straponcum
streetsuckers,SortedByStudio/streetsuckers
subbygirls,SortedByStudio/subbygirls
submissed,SortedByStudio/submissed
submissived,SortedByStudio/submissived
subspaceland,SortedByStudio/subspaceland
suze,SortedByStudio/suze
swallowed,SortedByStudio/swallowed
swallowsalon,SortedByStudio/swallowsalon
sweetyx,SortedByStudio/sweetyx
Sadistic Village,SortedByStudio/Sadistic Village
Sapphic Erotica,SortedByStudio/Sapphic Erotica
Screwbox,SortedByStudio/Screwbox
Seventeen,SortedByStudio/Seventeen
Sex Art,SortedByStudio/Sex Art
SexPOV,SortedByStudio/Sex POV
SG Video,SortedByStudio/SG Video
Sincity,SortedByStudio/Sincity
Sindrive,SortedByStudio/Sindrive
Sineplex CZ,SortedByStudio/Sineplex CZ
Sineplex,SortedByStudio/Sineplex
Sinful XXX,SortedByStudio/Sinful XXX
Soapy Massage,SortedByStudio/Soapy Massage
Society SM,SortedByStudio/Society SM
SpankBang,SortedBySpankbang/spankbang
SpankMonster,SortedByStudio/SpankMonster
Spermastudio,SortedByStudio/Spermastudio
Spizoo,SortedByStudio/Spizoo
Strap-on Academy,SortedByStudio/Strap-on Academy
StrapOnxxx,SortedByStudio/StrapOnxxx
Submissed,SortedByStudio/Submissed
Subspaceland,SortedByStudio/Subspaceland
Sweet 18,SortedByStudio/Sweet 18
SweetyX,SortedByStudio/SweetyX
taboo18,SortedByStudio/taboo18
taboopov,SortedByStudio/taboopov
tainster,SortedByStudio/tainster
takevan,SortedByStudio/takevan
teacherfucksteens,SortedByStudio/teacherfucksteens
teachmefisting,SortedByStudio/teachmefisting
teachmyass,SortedByStudio/teachmyass
teamskeet,SortedByStudio/teamskeet
teamskeetextras,SortedByStudio/teamskeetextras
team-skeet,SortedByStudio/teamskeet
teamsquirt,SortedByStudio/teamsquirt
teasing-video,SortedByStudio/teasing-video
teenanalcasting,SortedByStudio/teenanalcasting
teenbff,SortedByStudio/teenbff
teenbitchclub,SortedByStudio/teenbitchclub
teenblack,SortedByStudio/teenblack
teenmodels,SortedByStudio/teenmodels
teenpies,SortedByStudio/teenpies
teenpornstorage,SortedByStudio/teenpornstorage
teensanalyzed,SortedByStudio/teensanalyzed
teenslikeitbig,SortedByStudio/teenslikeitbig
teenslikeitblack,SortedByStudio/teenslikeitblack
teensloveanal,SortedByStudio/teensloveanal
teensloveblackcocks,SortedByStudio/teensloveblackcocks
teenslovecream,SortedByStudio/teenslovecream
teenslovehugecocks,SortedByStudio/teenslovehugecocks
teenslovemoney,SortedByStudio/teenslovemoney
teenyblack,SortedByStudio/teenyblack
teenylovers,SortedByStudio/teenylovers
the-life-erotic,SortedByStudio/thelifeerotic
theartporn,SortedByStudio/theartporn
thecastingroom,SortedByStudio/thecastingroom
thedicksuckers,SortedByStudio/thedicksuckers
thefuckingroom,SortedByStudio/thefuckingroom
therealworkout,SortedByStudio/therealworkout
thetrainingofo,SortedByStudio/thetrainingofo
theupperfloor,SortedByStudio/theupperfloor
thewhiteboxxx,SortedByStudio/thewhiteboxxx
thisgirlsucks,SortedByStudio/thisgirlsucks
throated,SortedByStudio/throated
tiny4k,SortedByStudio/tiny4k
tittyattack,SortedByStudio/tittyattack
tmwvrnet,SortedByStudio/tmwvrnet
tokyo-hot,SortedByStudio/tokyo-hot
tonightsgirlfriend,SortedByStudio/tonightsgirlfriend
toughlovex,SortedByStudio/toughlovex
trenchcoatx,SortedByStudio/trenchcoatx
trickyagent,SortedByStudio/trickyagent
trickymasseur,SortedByStudio/trickymasseur
trickyoldteacher,SortedByStudio/trickyoldteacher
trickyspa,SortedByStudio/trickyspa
trueanal,SortedByStudio/trueanal
truevirtualporn,SortedByStudio/truevirtualporn
tryteens,SortedByStudio/tryteens
tugjobs,SortedByStudio/tugjobs
tushy,SortedByStudio/tushy
tushyraw,SortedByStudio/tushyraw
twistys,SortedByStudio/twistys
twistyshard,SortedByStudio/twistyshard
twistysnetwork,SortedByStudio/twistysnetwork
Taboo Fantasy,SortedByStudio/Taboo Fantasy
Taboo Handjobs,SortedByStudio/Taboo Handjobs
Team Skeet,SortedByStudio/Team Skeet
TeasePOV,SortedByStudio/TeasePOV
TeenMegaWorld,SortedByStudio/TeenMegaWorld
TeenTugs,SortedByStudio/TeenTugs
TmwVRNet,SortedByStudio/TmwVRNet
TrueAmateurs,SortedByStudio/TrueAmateurs
TugPass,SortedByStudio/TugPass
Tushy,SortedByStudio/Tushy
tweetney,SortedByStudio/tweetney
Twistys,SortedByStudio/Twistys
ultrafilms,SortedByStudio/ultrafilms
upherasshole,SortedByStudio/upherasshole
velvetecstasy,SortedByStudio/velvetecstasy
virtualrealporn,SortedByStudio/virtualrealporn
virtualtaboo,SortedByStudio/virtualtaboo
vivthomas,SortedByStudio/vivthomas
vixen,SortedByStudio/vixen
vixenx,SortedByStudio/vixenx
vrbangers,SortedByStudio/vrbangers
VIPissy,SortedByStudio/VIPissy
Viv Thomas,SortedByStudio/Viv Thomas
Vivid,SortedByStudio/Vivid
VogoV,SortedByStudio/VogoV
VogoV,SortedByStudio/VogoV
VRCosplayX,SortedByStudio/VRCosplayX
wakeupnfuck,SortedByStudio/wakeupnfuck
wankitnow,SortedByStudio/wankitnow
wankz,SortedByStudio/wankz
wankzvr,SortedByStudio/wankzvr
watch4beauty,SortedByStudio/watch4beauty
watchingmydaughtergoblack,SortedByStudio/watchingmydaughtergoblack
watchingmymomgoblack,SortedByStudio/watchingmymomgoblack
watchyourmom,SortedByStudio/watchyourmom
watchyourwife,SortedByStudio/watchyourwife
wearehairy,SortedByStudio/wearehairy
webyoung,SortedByStudio/webyoung
wefuckblackgirls,SortedByStudio/wefuckblackgirls
weliketosuck,SortedByStudio/weliketosuck
welivetogether,SortedByStudio/welivetogether
wetandpissy,SortedByStudio/wetandpissy
wetandpuffy,SortedByStudio/wetandpuffy
wetvr,SortedByStudio/wetvr
whengirlsplay,SortedByStudio/whengirlsplay
whippedass,SortedByStudio/whippedass
whiteteensblackcocks,SortedByStudio/whiteteensblackcocks
wildoncam,SortedByStudio/wildoncam
woodmancasting,SortedByStudio/woodmancasting
woodmancastingx,SortedByStudio/woodmancastingx
wowgirls,SortedByStudio/wowgirls
wowgirlstv,SortedByStudio/wowgirlstv
wowporn,SortedByStudio/wowporn
wowpornxxx,SortedByStudio/wowpornxxx
wtfpass,SortedByStudio/wtfpass
WankitnowVR,SortedByStudio/WankitnowVR
Wankz VR,SortedByStudio/Wankz VR
Wankz,SortedByStudio/Wankz
WaterBondage,SortedByStudio/WaterBondage
Web Young,SortedByStudio/Web Young
Wild On Cam,SortedByStudio/Wild On Cam
WiredPussy,SortedByStudio/WiredPussy
Woodman Entertainment,SortedByStudio/Woodman Entertainment
x-angels,SortedByStudio/x-angels
xangels,SortedByStudio/x-angels
x-art,SortedByStudio/x-art
xchimera,SortedByStudio/xchimera
xconfessions,SortedByStudio/xconfessions
x-sensual,SortedByStudio/x-sensual
X-art,SortedByStudio/X-art
XConfessions,SortedByStudio/XConfessions
yanks,SortedByStudio/yanks
yanksvr,SortedByStudio/yanksvr
yonitale,SortedByStudio/yonitale
younganaltryouts,SortedByStudio/younganaltryouts
younglibertines,SortedByStudio/younglibertines
youngsexparties,SortedByStudio/youngsexparties
yourmomsgotbigtits,SortedByStudio/yourmomsgotbigtits
youthlust,SortedByStudio/youthlust
zebragirls,SortedByStudio/zebragirls
zoliboy,SortedByStudio/zoliboy
zzseries,SortedByStudio/zzseries
Zero Tolerance,SortedByStudio/Zero Tolerance
amateurfetishist,SortedByStudio/AmateurFetishist
shaiden,SortedByStudio/Shaiden
simply-anal,SortedByStudio/Simply Anal
Stunning18,SortedByStudio/Stunning18
pervypixie,SortedByStudio/PervyPixie
puta-locura,SortedByStudio/Puta Locura
marusya-mechta,SortedByStudio/Melena Maria
jamie-young,SortedByStudio/Jamie Young
girls-rimming,SortedByStudio/Girls Rimming
fetishkitsch,SortedByStudio/Fetish Kitsch
farting,SortedByStudio/FARTS
fd_,SortedByStudio/Flexidolls
gachinco,SortedByStudio/Gachinco
premium-bukkake,SortedByStudio/premiumbukkake
purple-b,SortedByStudio/purplebitch
tokyodoll,SortedByStudio/tokyodoll
topmodel,SortedByStudio/topmodel
bustyellen,SortedByStudio/bustyellen
bruce-and-morgan,SortedByStudio/bruceandmorgan
domingoview,SortedByStudio/domingoview
eternal-desire,SortedByStudio/eternaldesire
famegirls,SortedByStudio/famegirls
BruceAndMorgan,SortedByStudio/bruceandmorgan
BlackPayBack,SortedByStudio/blackpayback
ATKGalleria,SortedByStudio/atkgalleria
CumPerfection,SortedByStudio/cumperfection
EroticDesire,SortedByStudio/eroticdesire
ExclusiveClub,SortedByStudio/exclusiveclub
FemJoy,SortedByStudio/femjoy
Fitting-Room,SortedByStudio/fitting-room
GoldenShowerPower,SortedByStudio/goldenshowerpower
GrandParentsX,SortedByStudio/grandparentsx
LexiDona,SortedByStudio/lexidonaofficial
LittleCapriceDreams,SortedByStudio/littlecapricedreams
MelenaMariaRya,SortedByStudio/melanamariarya
MyLifeInMiami,SortedByStudio/mylifeinmiami
PissList,SortedByStudio/pisslist
RealityJunkies,SortedByStudio/realityjunkies
RylskyArt,SortedByStudio/rylskyart
SusanAyn,SortedByStudio/susanaynofficial
TheLifeErotic,SortedByStudio/thelifeerotic
YoungBusty,SortedByStudio/youngbusty
BraceFaced,SortedByStudio/bracefaced
BigtitHitomi,SortedByStudio/scoregroup
scoregroup,SortedByStudio/scoregroup
ksu-colt,SortedByStudio/ksucolt
ksucolt,SortedByStudio/ksucolt
facial-abuse,SortedByStudio/facialabuse
compilation,SortedByStudio/COMPILATIONS
cumpilation,SortedByStudio/COMPILATIONS
czechboobs,SortedByStudio/czechboobs
doghousedigital,SortedByStudio/doghousedigital
kinkyfamily,SortedByStudio/kinkyfamily
lasublimexxx,SortedByStudio/lasublimexxx
foodporn,SortedByStudio/FOODPORN
rebel-rhyder,SortedByStudio/rebelryderofficial
rebel-ryder,SortedByStudio/rebelryderofficial
camrynandsteve,SortedByStudio/camrynandsteve
japornxxx,SortedByStudio/japornxxx
lucie-wilde,SortedByStudio/bustybuffy
first fart,SortedByStudio/FARTS
fart,SortedByStudio/FARTS
teenanna,SortedByStudio/teenanna
fuckstudies,SortedByStudio/fuckstudies
teendreams,SortedByStudio/teendreams
czech-deviant,SortedByStudio/czechdeviant
mylene,SortedByStudio/manyvids mylene
rawcouples,SortedByStudio/rawcouples
hairytwatter,SortedByStudio/hairytwatter DDF
netgirl,SortedByStudio/netvideogirls
mypreggo-like,SortedByStudio/myPreggo
Straplezz,SortedByStudio/straplessdildo
xsensual,SortedByStudio/x-sensual
nadine-j,SortedByStudio/nadine-j
jesse-loads-monster-facials,SortedByStudio/jesseloadsmonsterfacials
milkass,SortedByStudio/milkenema
hornyhostel,SortedByStudio/hornyhostel
czechtantra,SortedByStudio/czechtantra
erotic-art,SortedByStudio/erotic-art photography
putalocura,SortedByStudio/putalocura
Dickdrainers,SortedByStudio/Dickdrainers
bangbros,SortedByStudio/bangbros
manyvids,SortedByStudio/manyvids
czechtantra,SortedByStudio/czechtantra
nadine-j,SortedByStudio/nadine-j
defloration,SortedByStudio/defloration
oldje,SortedByStudio/oldje
facialabuse,SortedByStudio/facialabuse
hornyhostel,SortedByStudio/hornyhostel
jesse-loads-monster-facials,SortedByStudio/jesse-loads-monster-facials
hookuphotshot,SortedByStudio/hookuphotshot
fistertwister,SortedByStudio/fistertwister
czechvr,SortedByStudio/czechvr
xsensual,SortedByStudio/xsensual
fuckstudies,SortedByStudio/fuckstudies
pjgirls,SortedByStudio/pjgirls
private,SortedByStudio/private
nubiles,SortedByStudio/nubiles
passion-hd,SortedByStudio/passion-hd
lubed,SortedByStudio/lubed
tiny4k,SortedByStudio/tiny4k
castingcouch-x,SortedByStudio/castingcouch-x
spyfam,SortedByStudio/spyfam
holed,SortedByStudio/holed
abuseme,SortedByStudio/abuseme
ALSScan,SortedByStudio/ALSScan
evilangel,SortedByStudio/evilangel
assylum,SortedByStudio/assylum
ultrafilms,SortedByStudio/ultrafilms
FTVGirls,SortedByStudio/FTVGirls
throated,SortedByStudio/throated
woodmancasting,SortedByStudio/woodmancasting
clubseventeen,SortedByStudio/clubseventeen
purplebitch,SortedByStudio/purplebitch
castingcouch-hd,SortedByStudio/castingcouch-hd
netvideogirls,SortedByStudio/netvideogirls
wtfpass,SortedByStudio/wtfpass
lactating,SortedByStudio/lactating
shaiden+rogue,SortedByStudio/shaidenrogue
shaiden-rogue,SortedByStudio/shaidenrogue
lanarain,SortedByStudio/lanarain
russianfetish,SortedByStudio/russianfetish
gaggingdk,SortedByStudio/gaggingdk
lesbianx,SortedByStudio/lesbianx
povmaniaxxx,SortedByStudio/povmaniaxxx
blacksonblondes ,SortedByStudio/blacksonblondes 
bustybuffy,SortedByStudio/bustybuffy
uralesbian ,SortedByStudio/uralesbian 
alicebong,SortedByStudio/alicebong
blackpayback,SortedByStudio/blackpayback
allover30,SortedByStudio/allover30
swallowed ,SortedByStudio/swallowed 
legalporno,SortedByStudio/legalporno
wefuckblackgirls,SortedByStudio/wefuckblackgirls
heavyonhotties,SortedByStudio/heavyonhotties
21sextury,SortedByStudio/21sextury
girlsrimming,SortedByStudio/girlsrimming
ultrafilms,SortedByStudio/ultrafilms
onlyfans-dredd,SortedByStudio/onlyfans-dredd
czechharem,SortedByStudio/czechharem
teenlovehugecocks,SortedByStudio/teenlovehugecocks
deepthroatsirens,SortedByStudio/deepthroatsirens
interracialpass,SortedByStudio/interracialpass
bcm.xxx,SortedByStudio/bcm.xxx
girlsoutwest,SortedByStudio/girlsoutwest
clubsweethearts,SortedByStudio/clubsweethearts 
teenmegaworld,SortedByStudio/teenmegaworld
amourangels,SortedByStudio/amourangels
anatomikmedia,SortedByStudio/anatomikmedia
domingoview,SortedByStudio/domingoview
auroraxoxo,SortedByStudio/auroraxoxo
girlsdoporn,SortedByStudio/girlsdoporn
vivthomas,SortedByStudio/vivthomas
wowporn,SortedByStudio/wowporn
BDSM.,SortedByStudio/BDSM
clubseventeen,SortedByStudio/clubseventeen
teenylovers,SortedByStudio/teenylovers
belle delphine,SortedByStudio/onlyfans-belledelphine
belle.delphine,SortedByStudio/onlyfans-belledelphine
showybeauty,SortedByStudio/showybeauty
teenpornstorage,SortedByStudio/teenpornstorage
joymii,SortedByStudio/joymii
cosmid.net,SortedByStudio/cosmid.net
assteenmouth,SortedByStudio/assteenmouth
tweetney,SortedByStudio/tweetney
bigcockhero,SortedByStudio/bigcockhero
seehimfuck,SortedByStudio/seehimfuck
fellatiojapan,SortedByStudio/fellatiojapan
onlyteenblowjobs,SortedByStudio/onlyteenblowjobs
theemilybloom,SortedByStudio/theemilybloom
DOMINIKA+C,SortedByStudio/dominikac.com
evaelfie,SortedByStudio/evaelfie.com
porn18,SortedByStudio/porn18
debtsex,SortedByStudio/debtsex
devilsfilm,SortedByStudio/devilsfilm
puke,SortedByStudio/PUKING
sextaseptima,SortedByStudio/sextaseptima pornhub
sfv_4k,SortedByStudio/sexflexvideo
thisisglamour,SortedByStudio/thisisglamour
spinchix,SortedByStudio/spinchix
spitsters,SortedByStudio/spitsters
staxxx,SortedByStudio/staxxx
stella-and-stephan,SortedByStudio/manyvids stella-and-stephan
leahmeow,SortedByStudio/leahmeow
errotica-archive,SortedByStudio/errotica archive
emily-crystal-devot,SortedByStudio/emily-crystal-devot
balloonboxxx,SortedByStudio/balloonboxxx
mplstudios,SortedByStudio/mplstudios
happy-yulia,SortedByStudio/manyvids happy_yulia
kittennymph,SortedByStudio/kiittenymph
kittenymph,SortedByStudio/kiittenymph
kiittenymph,SortedByStudio/kiittenymph
nakedyogaschool,SortedByStudio/nakedyogaschool
siswet19,SortedByStudio/siswet19
emmabraun,SortedByStudio/emmabraun
sheenashaw,SortedByStudio/sheenashaw
Lactation Fantasy,SortedByStudio/Lactation
lactating,SortedByStudio/Lactation
sicflics,SortedByStudio/distension
ianalxxx,SortedByStudio/ianalxxx
japanese,SortedByStudio/MISCJAV
miscjav,SortedByStudio/MISCJAV
jav ,SortedByStudio/MISCJAV
RF studio,SortedByStudio/RF Studio
taworship,SortedByStudio/TAWorship
pissplay,SortedByStudio/pissplay
mood-pictures,SortedByStudio/graias
perverse-family,SortedByStudio/perversefamily
perversefamily,SortedByStudio/perversefamily
argentinanaked,SortedByStudio/argentinanaked
dirtygardengirl,SortedByStudio/dirtygardengirl
sensualpain,SortedByStudio/sensualpain
throatgaggers,SortedByStudio/GAGGING
fuckedfeet,SortedByStudio/fuckedfeet
dungeoncorp,SortedByStudio/dungeoncorp
milkybabes,SortedByStudio/milkybabes
petite nymphet ,SortedByStudio/petitenymphet
liararoux,SortedByStudio/liararoux
sexraj,SortedByStudio/sexraj
JesseLoadsMonsterFacials,SortedByStudio/JesseLoadsMonsterFacials
RodneyMoore,SortedByStudio/RodneyMoore
pinupfiles,SortedByStudio/pinupfiles
1byday,SortedByStudio/1by-day
mypreggo,SortedByStudio/myPreggo
21extreme,SortedByStudio/21extreme
girlsonlyporn,SortedByStudio/girlsonlyporn
teensdoporn,SortedByStudio/teensdoporn
bang.com,SortedByStudio/BANG
lethalhardcore,SortedByStudio/lethalhardcore
metalbondage,SortedByStudio/metalbondage
milenaangel,SortedByStudio/milenaangel
mindimink,SortedByStudio/mindimink
boundheat,SortedByStudio/boundheat
hentaied,SortedByStudio/hentaied
viksi666,SortedByStudio/viksi666 instructions
newmfx kissing ,SortedByStudio/newmfx kissing
sweetyfox,SortedByStudio/sweetyfox
sweetiefox,SortedByStudio/sweetyfox
newvomitbrazil,SortedByStudio/newmfx vomit
horrorporn,SortedByStudio/horrorporn
giantfem,SortedByStudio/giantfem
teenfidelity,SortedByStudio/teenfidelity
xtime-,SortedByStudio/xtime
anal4k,SortedByStudio/anal4k
hotwifexxx,SortedByStudio/hotwifexxx
littlecaprice.com,SortedByStudio/littlecaprice
texasbukkake,SortedByStudio/premiumbukkake
familyhookups,SortedByStudio/familyhookups
lustweek,SortedByStudio/lustweek
analonly,SortedByStudio/analonly
fist4k,SortedByStudio/fist4k
lovewetting,SortedByStudio/lovewetting
girlspanksgirl,SortedByStudio/girlspanksgirl
starbondage,SortedByStudio/BDSM MISC
katerinahartlova,SortedByStudio/katerinahartlova
girlfriendsfilms,SortedByStudio/girlfriendsfilms
pregnant-hd,SortedByStudio/pregnant-hd
batmaisie,SortedByStudio/manyvids batmaisie
bloodangels,SortedByStudio/bloodangels BDSM
nicolremy,SortedByStudio/nicolremy manyvids
cdgirls,SortedByStudio/cdgirls 
houseofgord,SortedByStudio/houseofgord
preggolovers,SortedByStudio/myPreggo
pregnantvicky,SortedByStudio/pregnantvicky
sfv_,SortedByStudio/sexflexvideo
sexflexvideo,SortedByStudio/sexflexvideo
argendana,SortedByStudio/argendana gapes
defyxxx,SortedByStudio/defyXXX
animated,SortedByStudio/ANIMATED SFM
fetish-ichiban,SortedByStudio/fetish-ichiban
spankingserver,SortedByStudio/spankingserver
spankingglamour,SortedByStudio/spankingglamour
slipperymassage,SortedByStudio/slipperymassage
boppingbabes,SortedByStudio/wearehairy
nudemuse,SortedByStudio/nudemuse
undergirlsfeet,SortedByStudio/undergirlsfeet
lickinggirlsfeet,SortedByStudio/lickinggirlsfeet
1111Customs,SortedByStudio/1111Customs 
xx-cel,SortedByStudio/xx-cel
1000facials,SortedByStudio/1000facials
BAMVisions,SortedByStudio/bamvisions 
blowbanggirls,SortedByStudio/blowbanggirls
urabukkake,SortedByStudio/urabukkake
vrhush,SortedByStudio/vrhush
clubtug,SortedByStudio/clubtug
confessions.xxx,SortedByStudio/confessions xxx
dadcrush,SortedByStudio/dadcrush
tripforfuck,SortedByStudio/tripforfuck
photodromm,SortedByStudio/photodromm
got2pee,SortedByStudio/got2pee
Petites Parisiennes,SortedByStudio/Petites Parisiennes
g-queen,SortedByStudio/g-queen jav
gapemypussy,SortedByStudio/gapemypussy
cutesunny,SortedByStudio/cutesunny
gagged-dreams,SortedByStudio/gaggeddreams
wd girls vomit,SortedByStudio/wdgirls
wd-girls,SortedByStudio/wdgirls
wdgirls,SortedByStudio/wdgirls
hotdrinkingchicks,SortedByStudio/wdgirls
absoluteskinny,SortedByStudio/absoluteskinny
slavesinlove,SortedByStudio/slavesinlove
spankingserver,SortedByStudio/spankingserver
spankingthem,SortedByStudio/spankingthem
kink.com,SortedByStudio/kink
tryanalfisting,SortedByStudio/tryanalfisting
alex-lynn,SortedByStudio/alex-lynnn metart
gohoneygo,SortedByStudio/gohoneygo
harmonyvision,SortedByStudio/harmonyvision
sweetheartvideo,SortedByStudio/sweetheartvideo
mudmpv,SortedByStudio/mud videos
celebs,SortedByStudio/CELEBS
bluepillmen,SortedByStudio/bluepillmen
brutaldildos,SortedByStudio/brutaldildos
GetYourKneesDirty,SortedByStudio/GetYourKneesDirty
teensexfusion,SortedByStudio/teensexfusion
marvelcharm,SortedByStudio/amourangels
artofzoo,SortedByStudio/artofzoo
heyzo,SortedByStudio/heyzo jav
ILoveChloeToy,SortedByStudio/ILoveChloeToy
JapanHDV,SortedByStudio/JapanHDV
NannySpy,SortedByStudio/NannySpy
RealAgent,SortedByStudio/RealAgent
TittiPorn,SortedByStudio/TittiPorn
Pissing.In.Action,SortedByStudio/vipissy
american-pornstar,SortedByStudio/american pornstar
flexidolls,SortedByStudio/Flexidolls
PerverX,SortedByStudio/PerverX
behairy,SortedByStudio/behairy
onlytease ,SortedByStudio/onlytease 
gag-n-gape,SortedByStudio/gag-n-gape
18closeup,SortedByStudio/18closeup
FullyClothedPissing,SortedByStudio/vipissy
girlslikespit,SortedByStudio/girlslikespit
girlslikefacesitting,SortedByStudio/girlslikefacesitting
NatalyGoldAss,SortedByStudio/NatalyGoldAss
POVPerv,SortedByStudio/POVPerv
VIPArea,SortedByStudio/VIPArea
viv-thomas,SortedByStudio/vivthomas
Funmovies_,SortedByStudio/Funmovies-latex
HussieAuditions,SortedByStudio/HussieAuditions
lethalpass ,SortedByStudio/lethalpass
babes.com,SortedByStudio/babes
666Bukkake,SortedByStudio/666Bukkake
pregnantkay,SortedByStudio/pregnantkay mypreggo
pregnantmary,SortedByStudio/pregnantmary mypreggo
perfectflex,SortedByStudio/perfectflex
AmateureXtreme,SortedByStudio/AmateureXtreme
unchainedperversions,SortedByStudio/unchainedperversions
gymrotic,SortedByStudio/gymrotic
CrazyAndWild,SortedByStudio/CrazyAndWild mydirtyhobby
Crazy-Sophia,SortedByStudio/Crazy-Sophia mydirtyhobby
Dolly-Dream ,SortedByStudio/Dolly-Dream mydirtyhobby
younglegalporn,SortedByStudio/younglegalporn
domai_,SortedByStudio/domai
domai.com,SortedByStudio/domai
Naked-Gymnast,SortedByStudio/Naked-Gymnast
w4b],SortedByStudio/watch4beauty
DivineBreasts.com,SortedByStudio/DivineBreasts.com
ErroticaArchive,SortedByStudio/ErroticaArchive
goddessnudes ,SortedByStudio/goddessnudes
eroticbeauty,SortedByStudio/eroticbeauty
straponsquad,SortedByStudio/straponsquad
ztod,SortedByStudio/ztod
cuckoldsessions,SortedByStudio/cuckoldsessions
jaxslayher,SortedByStudio/jaxslayher
lovehomeporn,SortedByStudio/lovehomeporn
SINematica,SortedByStudio/SINematica
tuttifrutti,SortedByStudio/tuttifrutti
ifuckedherfinally,SortedByStudio/ifuckedherfinally
sisfuck,SortedByStudio/sisfuck
bondagelife,SortedByStudio/bondagelife
plushies.tv,SortedByStudio/plushies.tv
farangdingdong,SortedByStudio/farangdingdong
rfstudio,SortedByStudio/RF Studio
rfstudio productions,SortedByStudio/RF Studio
asiansbondage,SortedByStudio/asiansbondage
familyscrew,SortedByStudio/familyscrew
porn-dude-casting,SortedByStudio/porn-dude-casting
pornhd ,SortedByStudio/pornHD
daddy4k,SortedByStudio/daddy4k
domthenation,SortedByStudio/domthenation
JP Fetish Merchant,SortedByStudio/JP Fetish Merchant
NewScatinBrazil,SortedByStudio/NewScatinBrazil
rubberpassion,SortedByStudio/rubberpassion
siasiberia,SortedByStudio/manyvids siasiberia
ABDreams,SortedByStudio/ABDreams
BJRaw,SortedByStudio/BJRaw
huntertiana,SortedByStudio/chaturbate-huntertiana
goodgirlgrow,SortedByStudio/goodgirlgrow
sexynaty,SortedByStudio/sexynaty
roxyraye,SortedByStudio/roxyraye
messygirl,SortedByStudio/messygirl
elegantraw,SortedByStudio/elegantraw
mmvfilms,SortedByStudio/mmvfilms
yngr,SortedByStudio/yngr
defeated,SortedByStudio/defeatedxxx
old4k,SortedByStudio/old4k
law4k,SortedByStudio/law4k
nympho.com,SortedByStudio/nympho
mondomonger,SortedByStudio/CELEBS
myboobs,SortedByStudio/myboobs
superbemodels,SortedByStudio/superbemodels
teensexmovs,SortedByStudio/teenmegaworld
extremelatina,SortedByStudio/extremelatina
kate-kuray,SortedByStudio/kate-kuray
katekuray,SortedByStudio/kate-kuray
black4k,SortedByStudio/black4k
stuck4k,SortedByStudio/stuck4k
3rdmovies,SortedByStudio/3rdmovies
rim4k,SortedByStudio/rim4k
czechdeviant,SortedByStudio/czechdeviant 
edgequeens,SortedByStudio/edgequeens
sis-e,SortedByStudio/sisporn
kin8tengoku,SortedByStudio/kin8tengoku jav
uralesbian,SortedByStudio/uralesbian
afterhoursexposed,SortedByStudio/afterhoursexposed
archangel,SortedByStudio/archangel
codi-vore,SortedByStudio/codi-vore
elegantangel,SortedByStudio/elegantangel
forgivemefather,SortedByStudio/forgivemefather
pascalssluts,SortedByStudio/pascalssluts
xtime.tv,SortedByStudio/xtime
smallvsbig,SortedByStudio/tiny4k
blackpantherxxx,SortedByStudio/blackpantherxxx
